<?xml version="1.0"?>
<doc>
    <assembly>
        <name>Bytewizer.TinyCLR.Pipeline</name>
    </assembly>
    <members>
        <member name="T:Bytewizer.TinyCLR.Pipeline.ApplicationDelegate">
            <summary>
            Represents a function that can configure an application pipeline.
            </summary>
        </member>
        <member name="T:Bytewizer.TinyCLR.Pipeline.Builder.IApplication">
            <summary>
            An interface for <see cref="T:Bytewizer.TinyCLR.Pipeline.Builder.ApplicationBuilder"/>.
            </summary>
        </member>
        <member name="M:Bytewizer.TinyCLR.Pipeline.Builder.IApplication.Use(Bytewizer.TinyCLR.Pipeline.InlineMiddlewareDelegate)">
            <summary>
            Add a <see cref="T:Bytewizer.TinyCLR.Pipeline.IMiddleware"/> delegate to the application pipeline. Middleware is executed in the order added.
            </summary>
            <param name="middleware">The <see cref="T:Bytewizer.TinyCLR.Pipeline.InlineMiddleware"/> delegate to include in the application pipeline.</param>
        </member>
        <member name="M:Bytewizer.TinyCLR.Pipeline.Builder.IApplication.Use(Bytewizer.TinyCLR.Pipeline.IMiddleware)">
            <summary>
            Add a <see cref="T:Bytewizer.TinyCLR.Pipeline.IMiddleware"/> to the application pipeline. Middleware is executed in the order added.
            </summary>
            <param name="middleware">The <see cref="T:Bytewizer.TinyCLR.Pipeline.IMiddleware"/> to include in the application pipeline.</param>
        </member>
        <member name="M:Bytewizer.TinyCLR.Pipeline.Builder.IApplication.Invoke(Bytewizer.TinyCLR.Pipeline.IContext)">
            <summary>
            Invokes all middleware in the application pipeline.
            </summary>
            <param name="context">Encapsulates all socket information about an individual request.</param>
        </member>
        <member name="T:Bytewizer.TinyCLR.Pipeline.Builder.IApplicationBuilder">
            <summary>
            An interface for <see cref="T:Bytewizer.TinyCLR.Pipeline.Builder.ApplicationBuilder"/>.
            </summary>
        </member>
        <member name="P:Bytewizer.TinyCLR.Pipeline.Builder.IApplicationBuilder.Properties">
            <summary>
            A central location for sharing state between components during the host building process.
            </summary>
        </member>
        <member name="M:Bytewizer.TinyCLR.Pipeline.Builder.IApplicationBuilder.TryGetValue(System.String,System.Object@)">
            Gets the value of a property from the <see cref="P:Bytewizer.TinyCLR.Pipeline.Builder.ApplicationBuilder.Properties"/> collection
            using the provided value as the key.
            <param name="key">The key of the value to get.</param>
            <param name="obj">When this method returns, the value associated with the specified key, if the
            key is found; otherwise, the default value for the type of the value parameter. This parameter is passed uninitialized.
            </param>
        </member>
        <member name="M:Bytewizer.TinyCLR.Pipeline.Builder.IApplicationBuilder.GetProperty(System.String)">
            <summary>
            Gets the value of a property from the <see cref="P:Bytewizer.TinyCLR.Pipeline.Builder.ApplicationBuilder.Properties"/> collection
            using the provided value as the key.
            </summary>
            <param name="key">The key value to get the property.</param>
        </member>
        <member name="M:Bytewizer.TinyCLR.Pipeline.Builder.IApplicationBuilder.SetProperty(System.String,System.Object)">
            Sets the value of an property in the <see cref="P:Bytewizer.TinyCLR.Pipeline.Builder.ApplicationBuilder.Properties"/> collection using
            the provided value as the key.
            <param name="key">The key value to set the property.</param>
            <param name="value">The value of the property.</param>
        </member>
        <member name="M:Bytewizer.TinyCLR.Pipeline.Builder.IApplicationBuilder.Use(Bytewizer.TinyCLR.Pipeline.IMiddleware)">
            <summary>
            Register a <see cref="T:Bytewizer.TinyCLR.Pipeline.IMiddleware"/> to the pipeline. Middleware are executed in the order added.
            </summary>
            <param name="middleware">The <see cref="T:Bytewizer.TinyCLR.Pipeline.IMiddleware"/> to include in the application pipeline.</param>
        </member>
        <member name="M:Bytewizer.TinyCLR.Pipeline.Builder.IApplicationBuilder.Use(Bytewizer.TinyCLR.Pipeline.InlineMiddlewareDelegate)">
            <summary>
            Register a <see cref="T:Bytewizer.TinyCLR.Pipeline.IMiddleware"/> to the pipeline. Middleware are executed in the order added.
            </summary>
            <param name="middleware">The <see cref="T:Bytewizer.TinyCLR.Pipeline.InlineMiddleware"/> delegate to include in the application pipeline.</param>
        </member>
        <member name="P:Bytewizer.TinyCLR.Pipeline.Builder.IApplicationBuilder.ApplicationServices">
            <summary>
            Gets or sets the <see cref="T:System.IServiceProvider"/> that provides access to the application's service container.
            </summary>
        </member>
        <member name="M:Bytewizer.TinyCLR.Pipeline.Builder.IApplicationBuilder.Build">
            <summary>
            Builds the delegate used by this application to process HTTP requests.
            </summary>
            <returns>The request handling delegate.</returns>
        </member>
        <member name="T:Bytewizer.TinyCLR.Pipeline.Builder.ApplicationBuilder">
            <summary>
            Represents an implementation of the <see cref="T:Bytewizer.TinyCLR.Pipeline.Builder.ApplicationBuilder"/> for creating application request pipelines.
            </summary>
        </member>
        <member name="P:Bytewizer.TinyCLR.Pipeline.Builder.ApplicationBuilder.Properties">
            <summary>
            A central location for sharing state between components during the host building process.
            </summary>
        </member>
        <member name="M:Bytewizer.TinyCLR.Pipeline.Builder.ApplicationBuilder.#ctor">
            <summary>
            Initializes an instance of the <see cref="T:Bytewizer.TinyCLR.Pipeline.Builder.ApplicationBuilder" /> class.
            </summary>
        </member>
        <member name="M:Bytewizer.TinyCLR.Pipeline.Builder.ApplicationBuilder.#ctor(System.IServiceProvider)">
            <summary>
            Initializes an instance of the <see cref="T:Bytewizer.TinyCLR.Pipeline.Builder.ApplicationBuilder" /> class.
            </summary>
            <param name="serviceProvider">A service object of type.</param>
        </member>
        <member name="P:Bytewizer.TinyCLR.Pipeline.Builder.ApplicationBuilder.ApplicationServices">
            <inheritdoc/>
        </member>
        <member name="M:Bytewizer.TinyCLR.Pipeline.Builder.ApplicationBuilder.TryGetValue(System.String,System.Object@)">
            <inheritdoc/>
        </member>
        <member name="M:Bytewizer.TinyCLR.Pipeline.Builder.ApplicationBuilder.GetProperty(System.String)">
            <inheritdoc/>
        </member>
        <member name="M:Bytewizer.TinyCLR.Pipeline.Builder.ApplicationBuilder.SetProperty(System.String,System.Object)">
            <inheritdoc/>
        </member>
        <member name="M:Bytewizer.TinyCLR.Pipeline.Builder.ApplicationBuilder.Use(Bytewizer.TinyCLR.Pipeline.InlineMiddlewareDelegate)">
            <inheritdoc/>
        </member>
        <member name="M:Bytewizer.TinyCLR.Pipeline.Builder.ApplicationBuilder.Use(Bytewizer.TinyCLR.Pipeline.IMiddleware)">
            <inheritdoc/>
        </member>
        <member name="M:Bytewizer.TinyCLR.Pipeline.Builder.ApplicationBuilder.Build">
            <summary>
            Builds an application request pipeline from registered middleware. 
            </summary>
        </member>
        <member name="T:Bytewizer.TinyCLR.Pipeline.InlineMiddlewareDelegate">
            <summary>
            Represents a function that can process an inline pipeline middleware.
            </summary>
        </member>
        <member name="T:Bytewizer.TinyCLR.Pipeline.InlineMiddleware">
            <summary>
            Represents an implementation of the <see cref="T:Bytewizer.TinyCLR.Pipeline.InlineMiddleware"/> for creating inline application pipeline request.
            </summary>
        </member>
        <member name="M:Bytewizer.TinyCLR.Pipeline.InlineMiddleware.#ctor(Bytewizer.TinyCLR.Pipeline.InlineMiddlewareDelegate)">
            <summary>
            Initializes an instance of the <see cref="T:Bytewizer.TinyCLR.Pipeline.InlineMiddleware" /> class.
            </summary>
        </member>
        <member name="M:Bytewizer.TinyCLR.Pipeline.InlineMiddleware.Invoke(Bytewizer.TinyCLR.Pipeline.IContext,Bytewizer.TinyCLR.Pipeline.RequestDelegate)">
            <summary>
            Invokes a middleware in the application pipeline.
            </summary>
            <param name="context">The context for the request.</param>
            <param name="next">The next request handler to be executed.</param>
        </member>
        <member name="T:Bytewizer.TinyCLR.Pipeline.MiddlewareDelegate">
            <summary>
            Represents a function that can process a pipeline middleware.
            </summary>
        </member>
        <member name="T:Bytewizer.TinyCLR.Pipeline.MiddlewareDelegateExtensions">
            <summary>
            Contains extension methods for <see cref="T:Bytewizer.TinyCLR.Pipeline.MiddlewareDelegate"/>.
            </summary>
        </member>
        <member name="M:Bytewizer.TinyCLR.Pipeline.MiddlewareDelegateExtensions.Append(Bytewizer.TinyCLR.Pipeline.MiddlewareDelegate[],Bytewizer.TinyCLR.Pipeline.MiddlewareDelegate)">
            <summary>
            Inserts the <see cref="T:Bytewizer.TinyCLR.Pipeline.MiddlewareDelegate"/> as the last node in the collection.
            </summary>
            <param name="array">The <see cref="T:Bytewizer.TinyCLR.Pipeline.MiddlewareDelegate"/> array of filters.</param>
            <param name="filter">The <see cref="T:Bytewizer.TinyCLR.Pipeline.MiddlewareDelegate"/> to insert.</param>
        </member>
        <member name="T:Bytewizer.TinyCLR.Pipeline.IContext">
            <summary>
            An interface for <see cref="T:Bytewizer.TinyCLR.Pipeline.IMiddleware"/>.
            </summary>
        </member>
        <member name="T:Bytewizer.TinyCLR.Pipeline.IMiddleware">
            <summary>
            An interface for <see cref="T:Bytewizer.TinyCLR.Pipeline.Middleware"/>.
            </summary>
        </member>
        <member name="T:Bytewizer.TinyCLR.Pipeline.Middleware">
            <summary>
            Represents a base implementation of the <see cref="T:Bytewizer.TinyCLR.Pipeline.Middleware"/> for creating an application request pipeline.
            </summary>
        </member>
        <member name="M:Bytewizer.TinyCLR.Pipeline.Middleware.Invoke(Bytewizer.TinyCLR.Pipeline.IContext,Bytewizer.TinyCLR.Pipeline.RequestDelegate)">
            <summary>
            Invokes a middleware in the application pipeline.
            </summary>
            <param name="context">The context for the request.</param>
            <param name="next">The next request handler to be executed.</param>
        </member>
        <member name="M:Bytewizer.TinyCLR.Pipeline.Middleware.Use(Bytewizer.TinyCLR.Pipeline.InlineMiddlewareDelegate)">
            <inheritdoc/>
        </member>
        <member name="M:Bytewizer.TinyCLR.Pipeline.Middleware.Use(Bytewizer.TinyCLR.Pipeline.IMiddleware)">
            <inheritdoc/>
        </member>
        <member name="M:Bytewizer.TinyCLR.Pipeline.Middleware.Bytewizer#TinyCLR#Pipeline#Builder#IApplication#Invoke(Bytewizer.TinyCLR.Pipeline.IContext)">
            <inheritdoc/>
        </member>
        <member name="T:Bytewizer.TinyCLR.Pipeline.RequestDelegate">
            <summary>
            A function that can process a request.
            </summary>
            <param name="context">The context for the request.</param>
        </member>
    </members>
</doc>
