{
  "cacheBootResources": true,
  "config": [ ],
  "debugBuild": false,
  "entryAssembly": "Microserver",
  "icuDataMode": 0,
  "linkerEnabled": true,
  "resources": {
    "assembly": {
      "Microsoft.AspNetCore.Components.dll": "sha256-ejSMcZXeb0RbomRLoPVwrYEwTrdKQt+u\/43H3aWNHtI=",
      "Microsoft.AspNetCore.Components.Web.dll": "sha256-CkHED9RurAAr3KLzNRU\/u2atuReAnLDqXqTG4TWxvW4=",
      "Microsoft.AspNetCore.Components.WebAssembly.dll": "sha256-6fqkNAawDwlb27W4Fe3FExuuMo2LcWd\/kr5XROl8rXo=",
      "Microsoft.Extensions.Configuration.dll": "sha256-bZZ69\/58+BnN9G33FpTd2iXAdfgLbBnDUiiKxfaZ7IU=",
      "Microsoft.Extensions.Configuration.Abstractions.dll": "sha256-7mxFRRlriJzO95ZBz4cmDSFADogdaoDy8MxzQoNtwaU=",
      "Microsoft.Extensions.Configuration.Json.dll": "sha256-cwzKuqTaJjYc5QXknt6NaBt\/MWSt9DYHfmu0I\/CV2mc=",
      "Microsoft.Extensions.DependencyInjection.dll": "sha256-Fj3WO6cw4Pbh90sLIj2PrTMuVvIx62jfLSxrP7tylyI=",
      "Microsoft.Extensions.DependencyInjection.Abstractions.dll": "sha256-8L6pzpycBrKxgs\/3WsBVoR\/7NenUcL+e0i19DvlMog8=",
      "Microsoft.Extensions.Logging.dll": "sha256-TpIA498zSsaZAjS+42XzHSmeWdSuY4\/\/ydfZQGlz1O8=",
      "Microsoft.Extensions.Logging.Abstractions.dll": "sha256-TSzg6qsgsxZ162vc0deudnTvJ85ORFBpjYjqJ7LqFSA=",
      "Microsoft.Extensions.Options.dll": "sha256-g1C9Fnh++M4k1mLduCz2yUnf\/70tTCbdZ\/s6bDjsmZM=",
      "Microsoft.Extensions.Primitives.dll": "sha256-32yXMbcCMbfUq7vtlIPput8uO7SZK8E9m3V8EXMScBc=",
      "Microsoft.JSInterop.dll": "sha256-NqdlYEdjT55qZFNijt+KWXIa7ReKisEqoY2NhNFA7Wo=",
      "Microsoft.JSInterop.WebAssembly.dll": "sha256-uUEihv0ckR\/y+ZrbS\/hxKIyLU+K+qYe6z1nc63kR\/iQ=",
      "System.IO.Pipelines.dll": "sha256-qZYTUS+ga7CydtH54fYPbehFCvx3B49I74G8dxreTog=",
      "Microserver.dll": "sha256-6PQ\/w3fsEnR\/9JbEdcLTBhl24+xvr6QUM02+Y1oexK8=",
      "System.Collections.Concurrent.dll": "sha256-Oyt4LolNKr48lekz2RGZEEFAiepxkrixmR4JDffMxFk=",
      "System.Collections.Immutable.dll": "sha256-6k2NDnWP6bx8Ci1nEH2iyUjI9LJIq3\/0HpW5EVILgJw=",
      "System.Collections.dll": "sha256-WTOCNoOEAZMjfHIi583ZspuT65Mz9BL3xxbf5hoFMeE=",
      "System.ComponentModel.dll": "sha256-pY3sJoWWONDSSb4Itaccg9nszIJ9qgKqcMgvbKhZDVI=",
      "System.Console.dll": "sha256-gjo3eXWss8iztxzGuOXjj\/0IJlGL+2R0gzbevJIFclk=",
      "System.Linq.dll": "sha256-RGcG+wluehFl59BsAZGHh\/GQydds0HhYDYJ6yhb1S0A=",
      "System.Memory.dll": "sha256-ApY\/cBc5AqDJ9kogSMg8etjuYSZzJtyftgH0\/67gJIY=",
      "System.Net.Http.Json.dll": "sha256-ahqOcQJXKniXcT\/TX\/o5\/ZDMuKzZlodooVKy5cRfL98=",
      "System.Net.Http.dll": "sha256-\/hxBAFmseRtOxneSt4WMckxp9HRrlWG1AVqZ+fdeddQ=",
      "System.Net.Primitives.dll": "sha256-shB4ma1nnEi371YcDYIWLNMo+afa8t4NKRO+PBKJwmk=",
      "System.ObjectModel.dll": "sha256-0WFyZEE\/KU9GcESC3Tzaf+c9NwXHHjAGKByqNz+vDZQ=",
      "System.Private.Runtime.InteropServices.JavaScript.dll": "sha256-AbvjZAt7EMMge1OXXxGPYPlWlMYLrSLEor71w+x2TRY=",
      "System.Private.Uri.dll": "sha256-7Ng9VUgpykBYCCl26G+KgXBGAGA+q3D\/KCXPB0todfU=",
      "System.Runtime.CompilerServices.Unsafe.dll": "sha256-uSVkVaanFhPf\/d3N\/uQmarPuAWFqftuCZ5oRd+tBops=",
      "System.Runtime.InteropServices.RuntimeInformation.dll": "sha256-eeoFplmtvAIhZXC1T7Xk20xSp4ex5gSh0mvCn4JdKgU=",
      "System.Text.Encodings.Web.dll": "sha256-yIMrT8Ppi8eSGnwO3Zz5D+x96yg\/7Drdnh499NtWIgU=",
      "System.Text.Json.dll": "sha256-6fuw8ps6foCduiMgL6xewv55UsIMEUajWSuhKrIn0Nk=",
      "System.Private.CoreLib.dll": "sha256-g5M3N2YQ16v1fi5l7YOh5sebceeoa3CcGI4HCjI8Uzg="
    },
    "lazyAssembly": null,
    "pdb": null,
    "runtime": {
      "dotnet.timezones.blat": "sha256-ibxaSjW7s3aLVssChknhzCpgMTHGu4D48Q9OLP3dfe8=",
      "dotnet.wasm": "sha256-+NqBIg7FTMeA2q0mxzbehfuE2WPrnq53yqLsu47afbY=",
      "icudt.dat": "sha256-m7NyeXyxM+CL04jr9ui1Z6pVfMWwhHusuz5qNZWpAwA=",
      "icudt_CJK.dat": "sha256-91bygK5voY9lG5wxP0\/uj7uH5xljF9u7iWnSldT1Z\/g=",
      "icudt_EFIGS.dat": "sha256-DPfeOLph83b2rdx40cKxIBcfVZ8abTWAFq+RBQMxGw0=",
      "icudt_no_CJK.dat": "sha256-oM7Z6aN9jHmCYqDMCBwFgFAYAGgsH1jLC\/Z6DYeVmmk=",
      "dotnet.5.0.4.js": "sha256-VR9AaflChiwC+KUJnKHaZAMWHeF8tQ1Giwr7XsIRIfw="
    },
    "satelliteResources": null
  }
}