<?xml version="1.0"?>
<doc>
    <assembly>
        <name>Bytewizer.TinyCLR.Core</name>
    </assembly>
    <members>
        <member name="T:System.Activator">
            <summary>
            Contains methods to create types of objects locally. This class cannot be inherited.
            </summary>
        </member>
        <member name="M:System.Activator.CreateInstance(System.String)">
            <summary>
            Creates an instance of the specified type using the constructor that best matches the specified parameters.
            </summary>
            <param name="typename">The fully qualified name of the type to create an instance of.</param>
        </member>
        <member name="M:System.Activator.CreateInstance(System.Type)">
            <summary>
            Creates an instance of the specified type using the constructor that best matches the specified parameters.
            </summary>
            <param name="type">The type of object to create.</param>
        </member>
        <member name="M:System.Activator.CreateInstance(System.Type,System.Object[])">
            <summary>
            Creates an instance of the specified type using the constructor that best matches the specified parameters.
            </summary>
            <param name="type">The type of object to create.</param>
            <param name="args">An array of arguments that match in number, order, and type the parameters of the constructor to invoke. 
            If args is an empty array or null, the constructor that takes no parameters (the parameterless constructor) is invoked.</param>
        </member>
        <member name="M:System.Activator.CreateInstance(System.Type,System.Type[],System.Object[])">
            <summary>
            Creates an instance of the specified type using the constructor that best matches the specified parameters.
            </summary>
            <param name="type">The type of object to create.</param>
            <param name="types">An array of Type objects representing the number, order, and type of the parameters for the desired constructor.
            If types is an empty array or null, to get constructor that takes no parameters.</param>
            <param name="args">An array of arguments that match in number, order, and type the parameters of the constructor to invoke. 
            If args is an empty array or null, the constructor that takes no parameters (the parameterless constructor) is invoked.</param>
        </member>
        <member name="M:System.Activator.GetDefaultValue(System.Type)">
            <summary>
            Retrieves the default value for a given Type.
            </summary>
            <param name="type">The Type for which to get the default value.</param>
            <returns>The default value for <paramref name="type"/></returns>
        </member>
        <member name="T:System.IServiceProvider">
            <summary>
            Defines a mechanism for retrieving a service object; that is, an object that provides custom support to other objects.
            </summary>
        </member>
        <member name="M:System.IServiceProvider.GetService(System.Type)">
            <summary>
            Gets the service object of type <paramref name="serviceType"/>.
            </summary>
            <param name="serviceType">An object that specifies the type of service object to get.</param>
            <returns>
            A service object of type <paramref name="serviceType"/>. -or- null if there is no service object of type <paramref name="serviceType"/>.
            </returns>
        </member>
        <member name="M:System.IServiceProvider.GetServices(System.Type)">
            <summary>
            Get an enumeration of service objects of type <paramref name="serviceType"/>.
            </summary>
            <param name="serviceType">An object that specifies the type of service object to get.</param>
            <returns>
            An enumeration of services of type <paramref name="serviceType"/>.
            </returns>
        </member>
        <member name="T:System.Threading.CancellationTokenSource">
            <summary>Signals to a <see cref="T:System.Threading.CancellationToken"/> that it should be canceled.</summary>
            <remarks>
            <para>
            <see cref="T:System.Threading.CancellationTokenSource"/> is used to instantiate a <see cref="T:System.Threading.CancellationToken"/> (via
            the source's <see cref="P:System.Threading.CancellationTokenSource.Token">Token</see> property) that can be handed to operations that wish to be
            notified of cancellation or that can be used to register asynchronous operations for cancellation. That
            token may have cancellation requested by calling to the source's <see cref="M:System.Threading.CancellationTokenSource.Cancel"/> method.
            </para>
            <para>
            All members of this class, except <see cref="M:System.Threading.CancellationTokenSource.Dispose"/>, are thread-safe and may be used
            concurrently from multiple threads.
            </para>
            </remarks>
        </member>
        <member name="P:System.Threading.CancellationTokenSource.IsCancellationRequested">
            <summary>Gets whether cancellation has been requested for this <see cref="T:System.Threading.CancellationTokenSource" />.</summary>
            <value>Whether cancellation has been requested for this <see cref="T:System.Threading.CancellationTokenSource" />.</value>
            <remarks>
            <para>
            This property indicates whether cancellation has been requested for this token source, such as
            due to a call to its <see cref="M:System.Threading.CancellationTokenSource.Cancel"/> method.
            </para>
            <para>
            If this property returns true, it only guarantees that cancellation has been requested. It does not
            guarantee that every handler registered with the corresponding token has finished executing, nor
            that cancellation requests have finished propagating to all registered handlers. Additional
            synchronization may be required, particularly in situations where related objects are being
            canceled concurrently.
            </para>
            </remarks>
        </member>
        <member name="P:System.Threading.CancellationTokenSource.IsCancellationCompleted">
            <summary>
            A simple helper to determine whether cancellation has finished.
            </summary>
        </member>
        <member name="P:System.Threading.CancellationTokenSource.IsDisposed">
            <summary>
            A simple helper to determine whether disposal has occurred.
            </summary>
        </member>
        <member name="P:System.Threading.CancellationTokenSource.Token">
            <summary>Gets the <see cref="T:System.Threading.CancellationToken"/> associated with this <see cref="T:System.Threading.CancellationTokenSource"/>.</summary>
            <value>The <see cref="T:System.Threading.CancellationToken"/> associated with this <see cref="T:System.Threading.CancellationTokenSource"/>.</value>
            <exception cref="T:System.ObjectDisposedException">The token source has been disposed.</exception>
        </member>
        <member name="M:System.Threading.CancellationTokenSource.#ctor">
            <summary>
            Initializes the <see cref="T:System.Threading.CancellationTokenSource"/>.
            </summary>
        </member>
        <member name="M:System.Threading.CancellationTokenSource.Cancel">
            <summary>
            Communicates a request for cancellation.
            </summary>
        </member>
        <member name="M:System.Threading.CancellationTokenSource.ThrowIfDisposed">
            <summary>
            Throws an exception if the source has been disposed.
            </summary>
        </member>
        <member name="M:System.Threading.CancellationTokenSource.Dispose">
            <summary>
            Releases the resources used by this <see cref="T:System.Threading.CancellationTokenSource" />.
            </summary>
        </member>
        <member name="M:System.Threading.CancellationTokenSource.Dispose(System.Boolean)">
            <summary>
            Releases the unmanaged resources used by the <see cref="T:System.Threading.CancellationTokenSource" /> class and optionally releases the managed resources.
            </summary>
            <param name="disposing">true to release both managed and unmanaged resources; false to release only unmanaged resources.</param>
        </member>
        <member name="T:System.Threading.CancellationToken">
            <summary>
            Propagates notification that operations should be canceled.
            </summary>
            <remarks>
            <para>
            A <see cref="T:System.Threading.CancellationToken"/> may be created directly in an unchangeable canceled or non-canceled state
            using the CancellationToken's constructors. However, to have a CancellationToken that can change
            from a non-canceled to a canceled state,
            <see cref="T:System.Threading.CancellationTokenSource">CancellationTokenSource</see> must be used.
            CancellationTokenSource exposes the associated CancellationToken that may be canceled by the source through its
            <see cref="P:System.Threading.CancellationTokenSource.Token">Token</see> property.
            </para>
            <para>
            Once canceled, a token may not transition to a non-canceled state, and a token whose
            <see cref="P:System.Threading.CancellationToken.CanBeCanceled"/> is false will never change to one that can be canceled.
            </para>
            <para>
            All members of this struct are thread-safe and may be used concurrently from multiple threads.
            </para>
            </remarks>
        </member>
        <member name="P:System.Threading.CancellationToken.None">
            <summary>
            Returns an empty CancellationToken value.
            </summary>
            <remarks>
            The <see cref="T:System.Threading.CancellationToken"/> value returned by this property will be non-cancelable by default.
            </remarks>
        </member>
        <member name="M:System.Threading.CancellationToken.#ctor(System.Threading.CancellationTokenSource)">
            <summary>
            Internal constructor only a CancellationTokenSource should create a CancellationToken
            </summary>
        </member>
        <member name="P:System.Threading.CancellationToken.CanBeCanceled">
            <summary>
            Gets whether this token is capable of being in the canceled state.
            </summary>
            <remarks>
            If CanBeCanceled returns false, it is guaranteed that the token will never transition
            into a canceled state, meaning that <see cref="P:System.Threading.CancellationToken.IsCancellationRequested"/> will never
            return true.
            </remarks>
        </member>
        <member name="P:System.Threading.CancellationToken.IsCancellationRequested">
            <summary>
            Gets whether cancellation has been requested for this token.
            </summary>
            <value>Whether cancellation has been requested for this token.</value>
            <remarks>
            <para>
            This property indicates whether cancellation has been requested for this token,
            either through the token initially being constructed in a canceled state, or through
            calling <see cref="M:System.Threading.CancellationTokenSource.Cancel">Cancel</see>
            on the token's associated <see cref="T:System.Threading.CancellationTokenSource"/>.
            </para>
            <para>
            If this property is true, it only guarantees that cancellation has been requested.
            It does not guarantee that every registered handler
            has finished executing, nor that cancellation requests have finished propagating
            to all registered handlers.  Additional synchronization may be required,
            particularly in situations where related objects are being canceled concurrently.
            </para>
            </remarks>
        </member>
        <member name="T:System.Threading.ThreadPool">
            <summary>
            Provides a pool of threads that can be used to execute tasks, post work items, 
            process asynchronous I/O, wait on behalf of other threads, and process timers.
            </summary>
            <remarks>
            Only short running operations should be executed by using ThreadPool. Multiple long running operations
            would block the available threads. New operations will not be called at all if all threads are blocked.
            </remarks>
        </member>
        <member name="E:System.Threading.ThreadPool.UnhandledThreadPoolException">
            <summary>
            A delegate which is executed one of the worker threads in unhandeld.
            </summary>
        </member>
        <member name="M:System.Threading.ThreadPool.#cctor">
            <summary>
            Initializes a new instance of the <see cref="T:System.Threading.ThreadPool"/> class.
            </summary>
        </member>
        <member name="M:System.Threading.ThreadPool.QueueUserWorkItem(System.Threading.WaitCallback)">
            <summary>
            Queues a method for execution. The method executes when a thread pool thread becomes available.
            </summary>
            <param name="callback">A <see cref="T:System.Threading.WaitCallback"/> that represents the method to be executed.</param>
        </member>
        <member name="M:System.Threading.ThreadPool.QueueUserWorkItem(System.Threading.WaitCallback,System.Object)">
            <summary>
            Queues a method for execution. The method executes when a thread pool thread becomes available.
            </summary>
            <param name="callback">A <see cref="T:System.Threading.WaitCallback"/> that represents the method to be executed.</param>
            <param name="state">An object containing data to be used by the method.</param>
        </member>
        <member name="M:System.Threading.ThreadPool.GetMinThreads">
            <summary>
            Retrieves the minimum number of threads the thread pool creates on demand, as new
            requests are made, before switching to an algorithm for managing thread creation and destruction.
            </summary>
        </member>
        <member name="M:System.Threading.ThreadPool.SetMinThreads(System.Int32)">
            <summary>
            Sets the minimum number of threads the thread pool creates on demand, as new requests are made,
            before switching to an algorithm for managing thread creation and destruction.
            </summary>
            <param name="workerThreads">The minimum number of worker threads that the thread pool creates on demand.</param>
        </member>
        <member name="M:System.Threading.ThreadPool.GetMaxThreads">
            <summary>
            Retrieves the number of requests to the thread pool that can be active concurrently. All requests 
            above that number remain queued until thread pool threads become available.
            </summary>
        </member>
        <member name="M:System.Threading.ThreadPool.SetMaxThreads(System.Int32)">
            <summary>
            Sets the number of requests to the thread pool that can be active concurrently. All requests above
            that number remain queued until thread pool threads become available.
            </summary>
            <param name="workerThreads">The maximum number of worker threads in the thread pool.</param>
        </member>
        <member name="M:System.Threading.ThreadPool.Shutdown">
            <summary>
            Shuts down all threads after they have finished theire work.
            </summary>
        </member>
        <member name="T:System.Threading.UnhandledThreadPoolExceptionDelegate">
            <summary>
            Unhandled Threadpool Exception event handler would be raised whenever an 
            unhandled exception occurs in a threadpool.
            </summary>
            <param name="state">This argument should be ignored.</param>
            <param name="ex">The unhandled exception thrown.</param>
        </member>
        <member name="T:System.Threading.WaitCallback">
            <summary>
            Represents a callback method to be executed by a thread pool thread.
            </summary>
            <param name="state">An object containing information to be used by the callback method.</param>
        </member>
        <member name="T:Bytewizer.TinyCLR.StringExtensions">
            <summary>
            Contains extension methods for <see cref="T:System.String"/> object.
            </summary>
        </member>
        <member name="M:Bytewizer.TinyCLR.StringExtensions.StartsWith(System.String,System.String)">
            <summary>
            Determines whether the beginning of this string instance matches the specified string.
            </summary>
            <param name="source">The source string.</param>
            <param name="value">The string to compare.</param>
            <returns><c>true</c> if value matches the beginning of this string; otherwise, <c>false.</c></returns>
        </member>
        <member name="M:Bytewizer.TinyCLR.StringExtensions.EndsWith(System.String,System.String)">
            <summary>
            Determines whether the end of this string instance matches the specified string.
            </summary>
            <param name="source">The source string.</param>
            <param name="value">The string to compare.</param>
            <returns><c>true</c> if value matches the beginning of this string; otherwise, <c>false.</c></returns>
        </member>
        <member name="M:Bytewizer.TinyCLR.StringExtensions.Contains(System.String,System.String)">
            <summary>
            Returns a value indicating whether a specified substring occurs within this string.
            </summary>
            <param name="source">The source string.</param>
            <param name="value">The string to seek.</param>
            <returns><c>true</c> if the value parameter occurs within this string, or if value is the empty string (""); otherwise, <c>false.</c></returns>
        </member>
        <member name="M:Bytewizer.TinyCLR.StringExtensions.Replace(System.String,System.String,System.String)">
            <summary>
            Replace all occurrences of the 'find' string with the 'replace' string.
            </summary>
            <param name="source">Original string</param>
            <param name="find">String to find within the original string</param>
            <param name="replace">String to be used in place of the find string</param>
            <returns>Final string after all instances have been replaced.</returns>
        </member>
        <member name="T:Bytewizer.TinyCLR.TypeExtensions">
            <summary>
            Contains extension methods for <see cref="T:System.Type"/>.
            </summary>
        </member>
        <member name="M:Bytewizer.TinyCLR.TypeExtensions.GetConstructors(System.Type)">
            <summary>
            Returns all the public constructors defined for the current <see cref="T:System.Type"/>.
            </summary>
            <param name="type">The current <see cref="T:System.Type"/></param>
        </member>
        <member name="M:Bytewizer.TinyCLR.TypeExtensions.GetConstructors(System.Type,System.Reflection.BindingFlags)">
            <summary>
            searches for the constructors defined for the current <see cref="T:System.Type"/> using the specified <see cref="T:System.Reflection.BindingFlags"/>.
            Specify <see cref="F:System.Reflection.BindingFlags.CreateInstance"/> and <see cref="F:System.Reflection.BindingFlags.Instance"/> along with one or both of <see cref="F:System.Reflection.BindingFlags.Public"/> 
            and <see cref="F:System.Reflection.BindingFlags.NonPublic"/> to retrieve instance constructors.
            </summary>
            <param name="type">The current <see cref="T:System.Type"/></param>
            <param name="bindingAttr">A bitwise combination of the enumeration values that specify how the search is conducted.</param>
        </member>
        <member name="M:Bytewizer.TinyCLR.TypeExtensions.GetProperties(System.Type)">
            <summary>
            Gets the properties of the current Type.
            </summary>
            <param name="type">The current <see cref="T:System.Type"/></param>
        </member>
        <member name="M:Bytewizer.TinyCLR.TypeExtensions.IsAssignableFrom(System.Type,System.Type)">
            <summary>
            Determines whether an instance of a specified type can be assigned to a variable of the current type.
            </summary>
            <param name="type">The current <see cref="T:System.Type"/></param>
            <param name="c">The type to compare with the current type.</param>
        </member>
    </members>
</doc>
